idOportunidade;idVendedor;class;dataOportunidade;dataEncerramento;dataUltimoRecontato
30083;6;1;2024-04-15 18:07:58.000;2024-04-19 16:33:56.000;2024-06-01 19:07:00.000
14754;6;0;2023-08-15 10:58:32.000;2023-10-03 14:43:00.000;2023-10-01 14:00:00.000
18385;12;1;2023-11-01 08:34:07.000;2024-05-13 16:41:11.000;2024-07-22 12:34:00.000
32297;6;1;2024-05-24 10:35:16.000;2024-05-31 17:49:00.000;2024-06-01 11:35:00.000
22167;9;0;2024-01-08 15:19:38.000;2024-07-25 14:49:28.853;2024-07-25 23:19:00.000
15094;9;0;2023-08-21 17:07:12.000;2023-12-05 16:05:56.000;2023-11-07 19:07:00.000
42220;9;0;2024-09-26 12:30:21.000;2024-10-03 14:38:00.000;2024-10-15 14:30:00.000
16018;12;0;2023-09-13 09:01:47.000;2023-10-02 16:54:07.000;2023-10-03 12:01:00.000
18738;10;0;2023-11-06 17:00:50.000;2023-11-22 15:14:00.000;2023-11-22 18:00:00.000
22034;11;0;2024-01-05 13:48:25.000;2024-07-25 11:01:00.000;2024-07-25 18:04:00.000
13519;10;0;2023-07-24 13:15:20.000;2023-07-25 10:54:22.000;2023-07-24 14:15:00.000
12991;9;1;2023-07-11 14:11:19.000;2023-07-18 10:44:14.000;2023-07-18 19:11:00.000
16249;12;1;2023-09-18 17:08:18.000;2024-02-29 16:30:43.000;2024-03-06 21:08:00.000
22768;6;1;2024-01-16 20:19:49.000;2024-01-31 15:28:37.000;2024-03-01 11:30:00.000
22642;11;0;2024-01-15 20:25:43.000;2024-01-26 14:14:00.000;2024-01-26 14:58:00.000
28518;12;1;2024-03-25 11:03:18.000;2024-05-08 15:33:31.000;2024-05-09 12:35:00.000
13339;9;1;2023-07-18 14:34:00.147;2023-07-18 14:48:18.000;2023-07-19 15:34:00.160
17342;12;1;2023-10-10 14:49:37.000;2024-03-21 09:06:39.000;2024-04-03 15:49:00.000
23599;11;0;2024-01-30 11:51:30.000;2024-06-03 14:19:00.000;2024-06-03 01:51:00.000
16323;10;0;2023-09-19 15:58:50.000;2023-09-25 16:05:25.000;2023-09-25 16:58:00.000
22781;6;0;2024-01-16 18:50:08.000;2024-07-03 09:28:00.000;2024-07-01 09:00:00.000
18968;10;1;2023-11-09 14:36:21.000;2023-11-10 09:36:00.000;2023-11-10 16:36:00.000
18977;11;1;2023-11-09 16:15:46.000;2023-11-27 09:59:00.000;2023-11-29 18:15:00.000
24387;6;0;2024-02-14 13:50:17.000;2024-07-03 10:27:00.000;2024-07-01 15:42:00.000
15984;12;0;2023-09-12 13:53:33.000;2023-10-02 17:04:05.000;2023-10-03 14:53:00.000
19135;10;1;2023-11-13 15:51:11.000;2023-11-14 14:01:14.000;2023-11-14 17:51:00.000
28703;12;1;2024-04-01 13:21:46.000;2024-04-12 13:05:43.000;2024-10-19 14:39:00.000
13907;6;1;2023-07-29 16:45:11.000;2023-07-29 16:47:00.000;2024-10-06 19:48:00.000
8654;6;1;2023-05-26 14:28:59.000;2023-06-17 21:32:18.000;2023-07-01 16:28:00.000
22444;9;1;2024-01-11 15:18:11.000;2024-01-15 10:07:57.000;2024-01-24 16:18:00.000
3577;12;1;2023-05-03 08:00:48.000;2023-08-30 17:10:46.000;2023-10-03 18:15:00.000
19500;11;1;2023-11-21 08:40:05.000;2023-11-27 17:12:00.000;2023-11-24 09:40:00.000
18416;12;1;2023-11-01 14:39:44.000;2023-12-11 13:49:38.000;2023-12-12 16:39:00.000
4958;11;1;2023-05-03 08:01:18.000;2023-06-30 08:11:00.000;2023-06-30 09:10:00.000
44046;11;0;2024-10-09 09:17:00.000;2024-10-21 15:22:00.000;2024-10-21 16:19:00.000
19504;10;0;2023-11-21 09:01:20.000;2023-11-24 10:36:07.000;2023-11-22 10:01:00.000
6638;10;0;2023-05-09 14:31:54.000;2023-05-15 17:26:01.000;2023-05-24 16:31:00.000
19156;12;1;2023-11-13 17:16:57.000;2023-12-22 17:06:34.000;2023-12-22 18:16:00.000
13968;9;0;2023-07-31 17:01:08.000;2024-04-02 15:24:09.000;2024-04-12 21:01:00.000
18005;10;0;2023-10-23 16:30:08.000;2023-10-24 14:03:00.000;2024-08-11 15:44:00.000
17017;11;0;2023-10-04 13:33:11.000;2023-10-23 10:51:20.000;2023-10-18 14:33:00.000
22536;12;0;2024-01-12 15:27:24.000;2024-01-23 16:51:52.000;2024-02-21 17:27:00.000
17616;6;0;2023-10-16 17:05:49.000;2023-12-01 14:06:38.000;2023-12-01 18:05:00.000
6567;6;1;2023-05-08 14:29:05.000;2023-06-26 11:41:00.000;2023-07-01 15:29:00.000
23345;12;0;2024-01-25 11:00:59.000;2024-05-09 11:47:51.000;2024-05-09 13:01:00.000
38695;9;0;2024-08-14 18:35:12.000;2024-08-20 13:56:00.000;2024-08-19 14:35:00.000
13213;6;0;2023-07-14 15:01:00.000;2023-09-01 14:53:00.000;2023-09-01 17:01:00.000
16830;12;1;2023-10-02 11:24:42.000;2023-12-18 15:49:22.000;2023-12-20 23:29:00.000
23060;6;1;2024-01-22 11:49:40.000;2024-01-28 16:27:34.000;2024-03-01 01:49:00.000
13694;6;0;2023-07-26 15:25:04.000;2023-09-05 16:55:00.000;2023-10-01 16:25:00.000
10240;11;1;2023-06-26 13:38:37.000;2023-06-27 08:00:00.000;2023-06-29 14:38:00.000
9394;12;0;2023-06-12 16:13:58.000;2024-04-12 10:40:42.000;2024-04-12 19:13:00.000
10431;11;1;2023-06-27 16:31:21.000;2023-11-29 10:49:00.000;2023-11-29 12:12:00.000
15059;12;0;2023-08-21 14:47:06.000;2023-10-11 00:32:13.000;2023-09-12 17:47:00.000
25212;11;1;2024-02-26 14:35:35.000;2024-02-29 08:46:00.000;2024-02-29 12:35:00.000
16802;10;1;2023-09-29 16:03:09.133;2023-10-02 08:27:25.000;2023-09-29 17:03:09.133
18769;11;1;2023-11-07 09:37:07.000;2023-12-11 15:41:00.000;2023-12-11 16:37:00.000
16527;12;1;2023-09-25 14:25:19.000;2024-02-24 09:15:00.000;2024-03-19 15:25:00.000
24923;9;0;2024-02-20 17:35:01.000;2024-03-28 08:11:12.000;2024-03-27 16:35:00.000
4761;12;0;2023-05-03 08:01:15.000;2023-11-22 14:39:51.000;2023-11-22 16:15:00.000
8471;6;1;2023-05-24 11:50:47.000;2023-06-01 13:18:00.000;2023-09-01 01:50:00.000
16091;10;1;2023-09-14 11:56:08.000;2023-09-25 14:52:04.000;2023-09-26 12:56:00.000
17227;6;1;2023-10-09 11:31:22.000;2023-11-29 17:31:00.000;2023-12-01 13:31:00.000
20134;12;1;2023-11-30 16:48:53.000;2024-05-23 10:46:00.000;2024-07-10 03:36:00.000
13581;9;0;2023-07-25 09:08:11.000;2024-03-25 14:23:20.000;2024-03-25 10:08:00.000
4874;12;0;2023-05-03 08:01:17.000;2024-01-15 11:14:46.000;2024-01-15 17:15:00.000
23755;9;1;2024-02-01 10:01:41.000;2024-04-19 09:58:19.000;2024-04-18 11:01:00.000
24364;9;0;2024-02-14 10:07:45.000;2024-03-25 14:28:00.000;2024-03-25 11:07:00.000
31828;9;1;2024-05-17 13:47:16.000;2024-05-20 10:01:30.000;2024-05-20 17:47:00.000
34789;12;1;2024-06-27 14:03:40.000;2024-07-23 09:34:00.000;2024-08-06 13:03:00.000
13540;10;0;2023-07-24 14:54:23.000;2023-08-01 08:17:13.000;2023-07-31 15:54:00.000
14643;6;1;2023-08-14 09:23:45.000;2023-08-21 19:25:00.000;2023-10-01 10:23:00.000
12669;10;1;2023-07-04 11:07:49.000;2023-07-19 11:40:00.000;2023-07-31 12:07:00.000
35813;12;1;2024-07-09 11:26:34.000;2024-07-09 11:28:00.000;2024-07-09 12:26:00.000
17447;11;1;2023-10-13 09:18:42.000;2023-10-13 15:51:00.000;2023-10-16 11:18:00.000
12676;6;1;2023-07-04 13:44:41.000;2023-08-21 19:32:00.000;2023-08-09 15:44:00.000
26082;11;0;2024-03-04 17:39:42.000;2024-04-24 16:21:00.000;2024-04-25 20:44:00.000
8847;12;0;2023-05-30 16:20:02.000;2023-11-17 11:54:02.000;2023-11-17 18:20:00.000
30164;6;0;2024-04-17 12:55:05.000;2024-07-18 14:03:00.000;2024-08-01 04:55:00.000
15902;6;0;2023-09-11 13:57:21.000;2023-11-01 15:20:13.000;2023-11-01 15:57:00.000
20402;11;0;2023-12-06 10:18:39.000;2024-06-10 13:18:00.000;2024-06-14 14:30:00.000
19196;12;1;2023-11-14 15:20:08.000;2023-12-01 15:47:37.000;2023-12-07 16:20:00.000
29362;6;1;2024-04-09 16:56:25.000;2024-04-30 16:10:00.000;2024-06-01 17:56:00.000
16205;12;0;2023-09-18 12:50:07.000;2024-08-19 17:38:00.000;2024-08-20 19:11:00.000
18387;6;0;2023-11-01 09:00:31.000;2024-06-11 19:54:00.000;2024-06-01 10:00:00.000
23107;11;1;2024-01-22 16:11:18.000;2024-01-24 09:12:00.000;2024-01-26 17:40:00.000
17430;9;1;2023-10-12 16:10:08.000;2023-10-30 13:47:00.000;2023-10-30 17:10:00.000
33654;12;1;2024-06-13 11:27:05.000;2024-06-22 11:37:00.000;2024-07-02 13:27:00.000
6468;12;0;2023-05-05 09:47:47.000;2023-11-17 13:12:47.000;2023-11-17 11:47:00.000
13999;6;1;2023-08-01 10:26:20.000;2023-08-10 17:52:00.000;2023-10-01 11:26:00.000
24994;9;1;2024-02-21 14:35:11.000;2024-09-06 09:28:00.000;2024-09-05 07:35:00.000
23673;11;1;2024-01-31 10:00:03.000;2024-02-23 10:22:00.000;2024-02-23 11:36:00.000
9207;11;0;2023-06-06 15:50:12.000;2023-06-12 11:15:00.000;2023-06-12 17:50:00.000
16296;10;1;2023-09-19 13:38:31.000;2023-09-27 09:17:13.000;2023-10-04 14:38:00.000
20662;10;1;2023-12-11 14:38:57.000;2023-12-11 14:55:17.000;2023-12-12 16:38:00.000
2865;6;0;2023-05-03 08:00:34.000;2023-10-03 11:29:00.000;2023-10-01 01:00:00.000
36882;9;0;2024-07-24 08:20:09.000;2024-09-03 15:07:00.000;2024-08-30 12:20:00.000
16017;12;0;2023-09-13 08:58:34.000;2023-10-02 10:50:38.000;2023-12-05 12:58:00.000
5765;6;0;2023-05-03 08:01:30.000;2024-07-03 09:25:00.000;2024-09-10 17:27:00.000
35241;12;1;2024-07-03 15:38:16.000;2024-08-28 10:35:00.000;2024-08-28 14:35:00.000
20928;10;0;2023-12-14 16:12:39.000;2023-12-15 08:19:03.000;2023-12-15 18:12:00.000
23177;6;1;2024-01-23 13:27:38.000;2024-02-10 17:59:00.000;2024-03-01 15:27:00.000
10514;12;0;2023-06-29 12:14:05.000;2023-06-29 13:13:00.000;2023-07-05 01:14:00.000
3509;12;0;2023-05-03 08:00:46.000;2023-07-06 12:30:22.000;2023-07-05 03:00:00.000
20321;10;0;2023-12-05 10:01:39.000;2023-12-05 15:38:31.000;2023-12-06 11:02:00.000
15475;11;0;2023-08-29 15:07:08.000;2023-09-13 16:13:54.000;2023-09-13 16:07:00.000
15305;12;0;2023-08-24 17:19:24.000;2023-08-28 13:14:17.000;2023-09-11 19:19:00.000
21136;11;1;2023-12-19 16:49:31.000;2023-12-22 14:36:00.000;2023-12-22 18:49:00.000
4948;11;1;2023-05-03 08:01:18.000;2023-07-27 10:15:00.000;2023-08-14 16:16:00.000
18338;10;1;2023-10-30 15:44:30.000;2023-11-08 13:17:00.000;2023-11-30 17:44:00.000
16038;6;1;2023-09-13 14:50:27.000;2023-09-20 15:39:00.000;2023-10-01 16:50:00.000
40264;9;0;2024-09-03 16:55:39.000;2024-09-13 16:25:00.000;2024-09-13 09:10:00.000
20984;11;0;2023-12-15 14:10:28.000;2023-12-18 10:13:00.000;2023-12-19 15:10:00.000
18699;12;1;2023-11-06 14:03:37.000;2023-12-21 10:36:30.000;2024-01-15 15:03:00.000
21568;10;0;2023-12-27 16:44:33.000;2024-01-04 11:52:26.000;2023-12-28 18:44:00.000
23516;9;0;2024-01-29 13:01:00.000;2024-03-27 16:40:00.000;2024-03-26 14:01:00.000
17489;9;1;2023-10-13 13:41:04.000;2023-10-19 18:03:15.000;2023-10-19 16:41:00.000
37282;9;0;2024-07-29 21:40:08.000;2024-08-20 15:25:00.000;2024-08-22 08:00:00.000
22690;9;0;2024-01-16 10:40:08.000;2024-01-29 13:28:00.000;2024-01-26 11:40:00.000
9973;6;1;2023-06-22 11:25:00.000;2023-06-26 16:31:00.000;2023-07-01 12:25:00.000
30531;12;0;2024-04-22 15:31:14.000;2024-05-03 16:36:05.000;2024-05-03 19:31:00.000
9135;11;0;2023-06-05 16:08:06.000;2023-06-14 13:26:00.000;2023-06-12 17:08:00.000
6472;11;0;2023-05-05 10:16:33.000;2023-05-09 14:16:57.000;2023-05-09 11:54:00.000
33915;12;1;2024-06-17 14:07:14.000;2024-06-24 11:47:00.000;2024-07-05 15:07:00.000
27407;11;1;2024-03-08 12:31:14.000;2024-03-08 12:38:00.000;2024-03-08 13:31:00.000
17066;10;1;2023-10-05 09:08:53.000;2023-10-11 08:11:07.000;2023-10-13 10:08:00.000
33928;11;1;2024-06-17 14:40:24.000;2024-06-17 14:41:00.000;2024-06-17 15:40:28.697
6733;12;1;2023-05-10 17:58:01.000;2023-08-31 11:49:47.000;2023-09-12 19:58:00.000
23264;11;1;2024-01-24 14:40:14.000;2024-01-30 13:02:00.000;2024-01-30 12:17:00.000
28045;11;1;2024-03-18 16:38:56.000;2024-04-01 10:20:00.000;2024-04-01 11:19:00.000
30367;6;1;2024-04-19 11:25:06.000;2024-05-23 18:49:00.000;2024-06-01 02:25:00.000
17082;11;1;2023-10-05 11:49:09.000;2023-12-20 09:35:00.000;2023-10-16 14:53:00.000
14860;6;0;2023-08-16 12:40:07.000;2023-12-01 09:28:00.000;2023-12-01 01:40:00.000
46184;11;0;2024-11-05 20:30:08.000;2024-11-11 14:54:00.000;2024-11-11 15:30:00.000
41787;9;0;2024-09-23 12:35:04.000;2024-10-02 16:12:00.000;2024-09-27 07:35:00.000
16446;10;1;2023-09-22 15:01:06.000;2023-10-02 15:07:00.000;2023-11-21 17:01:00.000
6996;11;1;2023-05-16 10:57:11.000;2023-06-30 10:04:00.000;2023-06-30 11:03:00.000
21694;11;1;2023-12-31 00:01:04.000;2024-01-08 17:02:00.000;2024-01-05 10:00:00.000
16492;12;1;2023-09-25 09:57:17.000;2023-12-11 15:28:17.000;2023-12-12 11:57:00.000
31857;6;0;2024-05-17 14:56:56.000;2024-06-25 15:33:00.000;2024-08-01 17:56:00.000
27812;12;1;2024-03-14 12:00:30.000;2024-04-12 13:14:48.000;2024-04-12 15:00:00.000
36783;9;0;2024-07-23 14:15:22.000;2024-08-20 13:53:00.000;2024-08-19 14:35:00.000
26899;9;0;2024-03-06 20:14:24.000;2024-08-06 11:04:00.000;2024-07-29 19:31:00.000
31493;11;0;2024-05-15 16:12:47.000;2024-06-20 09:07:00.000;2024-05-31 17:38:00.000
12714;6;0;2023-07-04 15:37:59.000;2023-09-05 11:05:00.000;2023-10-01 17:37:00.000
2765;9;1;2023-05-03 08:00:33.000;2023-09-01 13:03:00.000;2023-08-28 01:00:00.000
16960;10;1;2023-10-03 14:00:02.000;2023-10-09 09:39:00.000;2023-10-17 16:00:00.000
28240;9;1;2024-03-20 17:02:33.000;2024-04-09 15:28:10.000;2024-04-02 20:02:00.000
18389;11;0;2023-11-01 09:19:10.000;2023-11-08 16:50:00.000;2023-11-08 11:19:00.000
28182;11;0;2024-03-20 10:54:31.000;2024-06-19 11:19:00.000;2024-06-19 11:14:00.000
9815;11;0;2023-06-20 16:37:38.000;2023-07-26 16:39:00.000;2023-07-28 18:37:00.000
28029;9;1;2024-03-18 15:48:23.000;2024-04-01 13:11:22.000;2024-04-01 19:20:00.000
28136;9;0;2024-03-19 16:50:14.000;2024-08-06 11:13:00.000;2024-07-29 15:51:00.000
20152;6;0;2023-12-01 07:43:03.000;2024-09-02 16:31:00.000;2024-09-01 10:43:00.000
18787;9;1;2023-11-07 13:37:03.000;2024-01-03 16:55:24.000;2023-12-07 15:37:00.000
14632;10;0;2023-08-11 16:29:33.000;2023-08-16 11:28:02.000;2023-08-17 18:29:00.000
3960;12;1;2023-05-03 08:00:56.000;2023-10-17 23:35:03.000;2024-01-08 17:15:00.000
27285;9;0;2024-03-07 09:48:57.000;2024-03-08 08:35:30.000;2024-03-21 10:48:00.000
17128;6;1;2023-10-05 16:41:24.000;2023-10-11 10:33:00.000;2023-12-01 18:41:00.000
37542;11;1;2024-08-01 11:27:40.000;2024-08-07 16:23:00.000;2024-08-08 14:27:00.000
18903;9;0;2023-11-08 17:35:26.000;2023-12-05 13:23:48.000;2023-11-23 19:35:00.000
4191;12;1;2023-05-03 08:01:02.000;2023-08-23 14:20:45.000;2023-10-03 17:15:00.000
15996;10;0;2023-09-12 15:01:08.000;2023-10-18 14:50:00.000;2023-10-25 16:01:00.000
18285;6;1;2023-10-30 09:26:09.000;2023-11-25 15:18:00.000;2023-12-01 11:26:00.000
16929;10;1;2023-10-03 09:20:03.000;2023-10-05 14:31:00.000;2023-10-23 18:00:00.000
20894;11;1;2023-12-14 10:56:23.000;2023-12-26 14:13:00.000;2023-12-21 11:56:00.000
19133;9;0;2023-11-13 15:41:43.000;2024-08-07 15:42:00.000;2024-08-07 22:41:00.000
12770;6;0;2023-07-05 14:41:29.000;2023-10-31 13:09:07.000;2023-11-01 15:41:00.000
20451;11;0;2023-12-07 08:11:44.000;2023-12-19 10:25:00.000;2023-12-21 12:11:00.000
13297;10;0;2023-07-17 15:47:37.000;2023-07-26 14:36:32.000;2023-07-27 17:47:00.000
25384;12;1;2024-02-29 10:20:57.000;2024-03-13 10:58:19.000;2024-03-13 12:20:00.000
19677;12;1;2023-11-22 22:27:14.000;2023-12-01 15:35:30.000;2023-12-09 00:27:00.000
38700;11;0;2024-08-14 16:30:08.000;2024-08-20 10:04:00.000;2024-08-20 17:40:00.000
20136;11;1;2023-11-30 16:57:07.000;2023-11-30 17:00:23.000;2023-11-30 17:57:00.000
15157;12;1;2023-08-22 15:58:54.000;2023-11-30 17:58:54.000;2023-12-05 19:58:00.000
19176;10;1;2023-11-14 10:40:08.000;2023-12-22 15:02:00.000;2023-12-22 11:50:00.000
5136;12;0;2023-05-03 08:01:21.000;2023-12-11 17:32:55.000;2024-01-10 16:15:00.000
21928;9;0;2024-01-04 13:34:51.000;2024-01-04 16:50:36.000;2024-01-09 15:34:00.000
17912;6;1;2023-10-20 16:29:40.000;2023-11-25 15:26:09.000;2023-12-01 19:29:00.000
24876;11;1;2024-02-20 08:56:29.000;2024-07-12 16:41:00.000;2024-07-24 17:33:00.000
24622;12;1;2024-02-19 03:20:08.000;2024-04-03 14:47:00.000;2024-04-03 10:00:00.000
23124;12;0;2024-01-22 18:21:48.000;2024-05-16 16:28:00.000;2024-05-16 13:39:00.000
17824;6;1;2023-10-19 14:32:06.000;2023-11-25 15:45:14.000;2024-01-01 15:32:00.000
4405;11;1;2023-05-03 08:01:08.000;2023-08-29 10:32:00.000;2023-08-29 14:41:00.000
16380;10;1;2023-09-21 15:26:31.000;2023-09-27 11:21:00.000;2023-09-28 17:26:00.000
24266;6;1;2024-02-10 17:35:40.000;2024-02-10 17:38:53.000;2024-02-10 18:35:00.000
16797;10;0;2023-09-29 15:13:20.000;2023-10-02 13:15:00.000;2023-10-04 16:13:00.000
16917;10;0;2023-10-03 08:15:06.000;2023-10-25 08:42:31.000;2023-10-24 09:15:00.000
23407;6;1;2024-01-26 09:33:35.000;2024-02-10 19:28:00.000;2024-03-01 10:33:00.000
4885;12;1;2023-05-03 08:01:17.000;2023-10-26 15:39:00.000;2023-12-11 17:15:00.000
25338;12;1;2024-02-28 13:35:04.000;2024-04-08 15:42:44.000;2024-04-08 09:35:00.000
20350;6;1;2023-12-05 14:40:39.000;2024-06-13 10:49:00.000;2024-06-01 16:40:00.000
43068;9;0;2024-09-29 15:27:32.000;2024-10-29 14:41:00.000;2024-10-25 17:27:00.000
18429;12;0;2023-11-01 15:27:12.000;2023-11-06 11:00:59.000;2023-11-09 17:27:00.000
23389;11;1;2024-01-25 16:30:00.000;2024-03-05 17:52:00.000;2024-03-05 18:51:00.000
22987;12;0;2024-01-19 20:01:00.000;2024-08-05 16:41:00.000;2024-08-05 10:00:00.000
34744;12;1;2024-06-27 08:47:57.000;2024-07-31 13:44:00.000;2024-09-09 10:47:00.000
33402;6;0;2024-06-11 15:09:27.000;2024-07-15 14:26:00.000;2024-07-01 19:09:00.000
19236;11;1;2023-11-15 20:00:53.000;2023-11-22 10:24:00.000;2023-11-23 15:26:00.000
17751;6;1;2023-10-18 14:11:32.000;2024-03-21 16:29:00.000;2024-04-01 17:50:00.000
22922;9;0;2024-01-18 15:49:14.000;2024-01-22 10:35:10.000;2024-02-29 16:49:00.000
21585;9;0;2023-12-28 11:50:07.000;2024-01-12 13:53:48.000;2024-01-11 12:50:00.000
2618;12;1;2023-05-03 08:00:31.000;2023-09-29 16:59:13.000;2023-10-04 16:15:00.000
17930;9;1;2023-10-21 06:06:52.000;2023-12-05 11:33:10.000;2023-11-23 07:06:00.000
16086;10;1;2023-09-14 11:22:24.000;2023-09-14 16:39:35.000;2023-09-14 12:22:00.000
24935;12;1;2024-02-20 15:56:34.000;2024-03-20 08:43:00.000;2024-06-04 16:56:00.000
35033;6;1;2024-07-01 15:23:45.000;2024-08-06 18:10:00.000;2024-09-01 19:23:00.000
6329;12;0;2023-05-03 15:49:02.000;2023-10-10 23:33:22.000;2023-10-10 17:49:00.000
25409;11;0;2024-02-29 14:18:38.000;2024-03-12 17:21:54.000;2024-03-07 15:18:00.000
21330;11;1;2023-12-21 15:07:37.000;2024-06-21 09:05:00.000;2024-06-21 16:23:00.000
6337;11;1;2023-05-03 16:22:42.000;2023-05-19 13:04:00.000;2023-06-19 16:38:00.000
20049;10;0;2023-11-29 13:50:33.000;2023-11-30 08:27:47.000;2023-11-30 15:50:00.000
30422;9;0;2024-04-19 16:36:40.000;2024-04-22 16:49:50.000;2024-04-22 18:36:00.000
22012;9;0;2024-01-05 09:09:02.000;2024-01-24 13:56:09.000;2024-01-16 10:09:00.000
36694;12;1;2024-07-22 15:39:39.000;2024-07-30 23:09:00.000;2024-08-02 17:39:00.000
9115;6;0;2023-06-05 14:44:10.000;2023-10-02 17:51:00.000;2023-10-01 16:44:00.000
18668;11;1;2023-11-06 09:46:44.000;2023-11-08 08:57:00.000;2023-11-13 10:46:00.000
18494;10;1;2023-11-03 14:14:45.000;2023-11-20 11:09:00.000;2023-11-23 15:14:00.000
6828;10;0;2023-05-11 17:04:57.000;2023-05-16 08:35:00.000;2023-05-21 18:04:00.000
35045;11;0;2024-07-01 19:35:03.000;2024-07-05 14:10:00.000;2024-07-05 11:32:00.000
17355;12;1;2023-10-10 16:50:59.000;2023-12-20 16:35:21.000;2024-04-15 18:50:00.000
19690;6;0;2023-11-23 10:25:48.000;2024-07-03 10:23:00.000;2024-07-01 11:25:00.000
16731;10;1;2023-09-28 15:34:51.847;2023-09-28 15:36:46.000;2023-09-28 16:34:51.847
32319;9;0;2024-05-24 12:20:08.000;2024-05-24 13:31:00.000;2024-05-28 06:00:00.000
18353;10;1;2023-10-30 20:10:08.000;2023-11-24 09:41:10.000;2023-11-22 09:00:00.000
16670;10;0;2023-09-27 16:24:54.520;2023-09-28 13:15:47.000;2023-09-27 17:24:54.520
12750;6;1;2023-07-05 09:12:38.000;2023-10-25 19:37:00.000;2024-02-06 21:38:00.000
43402;11;0;2024-10-02 16:12:19.000;2024-10-08 14:21:00.000;2024-10-11 11:58:00.000
6987;12;0;2023-05-16 10:16:48.000;2023-06-13 15:57:00.000;2023-06-14 12:05:00.000
19952;6;0;2023-11-28 09:40:10.000;2024-02-07 16:28:32.000;2024-02-01 10:40:00.000
20047;11;1;2023-11-29 13:39:05.000;2023-12-18 15:50:00.000;2023-12-06 15:39:00.000
25335;11;0;2024-02-28 08:41:09.000;2024-03-08 08:23:00.000;2024-03-06 10:41:00.000
9053;6;1;2023-06-02 14:17:16.000;2023-07-29 16:42:00.000;2023-08-01 16:17:00.000
16834;12;1;2023-10-02 11:45:28.000;2023-10-19 11:30:33.000;2023-10-30 12:45:00.000
26296;11;0;2024-03-06 11:08:43.000;2024-03-11 10:59:22.000;2024-03-11 16:39:00.000
20553;10;1;2023-12-08 13:09:14.000;2023-12-11 07:55:08.000;2023-12-11 14:09:00.000
27409;12;1;2024-03-08 13:04:37.000;2024-04-17 19:24:00.000;2024-04-22 15:04:00.000
19853;12;1;2023-11-27 09:26:33.000;2023-12-02 09:00:25.000;2023-12-12 11:26:00.000
27833;9;0;2024-03-14 15:17:55.000;2024-09-12 14:51:00.000;2024-07-24 16:53:00.000
16932;10;0;2023-10-03 09:42:40.000;2023-10-03 09:43:48.000;2023-10-03 10:42:00.000
10266;6;0;2023-06-26 15:18:37.000;2023-11-01 15:22:13.000;2023-11-01 16:18:00.000
27977;9;1;2024-03-18 11:02:16.000;2024-06-27 15:46:00.000;2024-04-23 03:02:00.000
38063;11;0;2024-08-07 16:34:36.000;2024-08-09 13:44:00.000;2024-08-15 09:10:00.000
6409;10;1;2023-05-04 13:31:09.000;2023-10-09 09:38:00.000;2023-10-18 14:31:00.000
45539;6;0;2024-10-28 15:19:55.000;2024-10-29 17:13:00.000;2024-11-01 18:19:00.000
18259;11;1;2023-10-27 16:14:59.000;2023-10-27 16:19:00.000;2023-10-27 17:14:00.000
23715;12;0;2024-01-31 16:09:09.000;2024-08-16 17:09:00.000;2024-09-06 18:09:00.000
26951;11;1;2024-03-06 20:30:08.000;2024-05-29 13:27:00.000;2024-05-27 03:43:00.000
21973;12;0;2024-01-04 15:22:52.000;2024-07-25 17:04:00.000;2024-11-09 17:06:00.000
24819;12;1;2024-02-19 16:35:10.000;2024-04-25 11:55:59.000;2024-06-03 10:00:00.000
18132;12;1;2023-10-25 15:25:13.000;2023-11-02 00:36:48.000;2023-11-14 17:25:00.000
17438;6;0;2023-10-13 08:44:12.000;2024-03-20 10:29:35.000;2024-03-01 10:44:00.000
6245;11;1;2023-05-03 08:01:15.000;2023-05-30 17:03:00.000;2023-10-03 01:00:00.000
6601;11;1;2023-05-08 17:00:12.000;2023-05-08 17:02:00.000;2023-05-08 18:00:00.000
45089;11;0;2024-10-21 21:33:09.000;2024-10-28 10:35:00.000;2024-10-25 23:33:00.000
17916;10;1;2023-10-20 16:43:13.000;2023-10-23 11:28:00.000;2023-10-20 17:43:13.887
34743;12;1;2024-06-27 08:38:40.000;2024-06-29 10:59:00.000;2024-07-03 09:38:00.000
22258;11;0;2024-01-09 14:47:01.000;2024-01-23 13:51:00.000;2024-01-23 16:47:00.000
29283;11;1;2024-04-09 14:42:05.000;2024-10-29 11:09:00.000;2024-10-29 01:51:00.000
16951;11;1;2023-10-03 13:40:22.000;2023-10-05 08:48:00.000;2023-10-06 14:40:00.000
16150;6;0;2023-09-15 14:12:49.000;2023-11-01 15:21:47.000;2023-11-01 16:12:00.000
18933;12;0;2023-11-09 09:28:22.000;2023-11-10 09:52:19.000;2023-12-07 11:28:00.000
24911;9;0;2024-02-20 14:07:07.000;2024-04-29 09:36:53.000;2024-04-29 20:07:00.000
21314;11;1;2023-12-21 14:13:19.000;2024-01-24 16:18:00.000;2024-01-24 12:44:00.000
2239;6;1;2023-05-03 08:00:25.000;2023-09-28 18:37:00.000;2023-11-01 02:00:00.000
16625;11;1;2023-09-27 08:31:59.000;2023-09-28 14:48:00.000;2023-10-04 09:31:00.000
38378;11;1;2024-08-09 15:40:08.000;2024-08-14 11:31:00.000;2024-08-20 06:00:00.000
20429;10;0;2023-12-06 16:13:13.073;2023-12-08 08:18:47.000;2023-12-06 17:13:13.073
15353;11;0;2023-08-25 15:14:04.000;2023-09-04 16:32:32.000;2023-09-04 17:14:00.000
17360;10;1;2023-10-10 17:14:55.000;2023-10-20 16:13:00.000;2023-10-20 18:14:00.000
17238;12;1;2023-10-09 14:02:56.000;2023-12-01 15:19:32.000;2023-12-12 16:02:00.000
18652;11;1;2023-11-06 07:56:01.000;2023-11-07 15:28:30.000;2023-11-10 09:56:00.000
23587;12;1;2024-01-30 11:01:20.000;2024-02-29 16:37:56.000;2024-04-09 12:01:00.000
19752;6;0;2023-11-24 09:11:26.000;2024-02-07 16:29:35.000;2024-02-01 11:11:00.000
22490;9;1;2024-01-12 09:09:33.000;2024-01-29 08:03:00.000;2024-01-22 10:09:00.000
21057;9;0;2023-12-18 15:28:23.000;2024-01-08 13:02:21.000;2024-01-04 17:28:00.000
18851;10;1;2023-11-08 10:00:39.000;2023-11-09 08:18:31.000;2023-11-08 11:00:00.000
38143;6;0;2024-08-07 16:35:12.000;2024-09-06 15:13:00.000;2024-09-01 09:10:00.000
17323;11;1;2023-10-10 11:23:47.000;2023-10-19 16:17:10.000;2023-10-10 12:23:00.000
8364;12;1;2023-05-23 11:07:15.000;2023-06-02 10:46:00.000;2023-06-02 13:07:00.000
33931;11;0;2024-06-17 15:14:44.000;2024-06-17 16:31:00.000;2024-06-19 16:14:00.000
15149;9;0;2023-08-22 15:19:58.000;2023-12-05 13:43:54.000;2023-11-23 18:19:00.000
25063;11;1;2024-02-22 10:57:30.000;2024-02-23 09:13:00.000;2024-02-26 11:57:00.000
34137;12;1;2024-06-19 15:58:42.000;2024-06-27 18:19:00.000;2024-07-03 16:58:00.000
29845;9;0;2024-04-13 11:31:18.000;2024-09-24 14:56:00.000;2024-09-23 09:10:00.000
6223;9;0;2023-05-03 08:00:44.000;2023-10-16 15:11:23.000;2023-10-16 02:00:00.000
13391;9;0;2023-07-19 15:37:44.000;2023-10-10 15:53:11.000;2023-09-06 16:37:00.000
14682;10;0;2023-08-14 15:01:12.000;2023-09-12 14:07:00.000;2023-09-07 17:01:00.000
19220;10;0;2023-11-14 21:00:53.000;2023-11-29 11:21:17.000;2023-11-29 09:00:00.000
28458;11;1;2024-03-22 16:28:49.000;2024-05-27 10:29:00.000;2024-05-29 14:21:00.000
3859;6;0;2023-05-03 08:00:54.000;2024-07-18 13:39:00.000;2024-08-01 02:00:00.000
30225;9;1;2024-04-17 15:10:31.000;2024-09-06 14:48:00.000;2024-08-15 17:10:00.000
28194;12;1;2024-03-20 11:43:24.000;2024-04-05 09:19:00.000;2024-04-05 10:19:00.000
25170;11;0;2024-02-23 18:00:09.000;2024-02-29 15:54:00.000;2024-02-29 09:00:00.000
6276;10;0;2023-05-03 10:21:48.000;2023-05-12 14:58:47.000;2023-05-31 11:21:00.000
9196;9;0;2023-06-06 15:06:02.000;2023-12-05 11:44:55.000;2023-11-20 18:06:00.000
16122;11;1;2023-09-14 16:11:02.000;2023-09-14 16:32:00.000;2023-09-14 17:11:00.000
38112;11;1;2024-08-07 16:34:58.000;2024-08-26 15:03:00.000;2024-08-27 10:10:00.000
14923;11;0;2023-08-17 15:46:16.000;2023-08-18 09:22:00.000;2023-08-25 17:46:00.000
21555;6;0;2023-12-27 15:10:08.000;2024-04-30 16:16:05.000;2024-05-01 16:10:00.000
18191;12;1;2023-10-26 14:30:57.000;2023-12-29 10:03:46.000;2024-01-08 16:30:00.000
17292;12;1;2023-10-09 17:35:20.000;2023-12-05 17:56:22.000;2024-09-09 13:32:00.000
17450;9;0;2023-10-13 09:25:07.000;2024-01-03 16:28:14.000;2023-12-14 11:25:00.000
20843;12;1;2023-12-13 10:47:04.000;2024-05-13 17:17:27.000;2024-07-02 13:47:00.000
16508;12;1;2023-09-25 11:56:13.000;2023-09-27 17:26:35.000;2023-09-27 12:56:00.000
16092;10;0;2023-09-14 13:18:11.000;2023-09-28 13:16:04.000;2023-09-27 15:18:00.000
14266;11;0;2023-08-07 11:50:29.000;2024-04-08 11:38:00.000;2024-06-08 16:36:00.000
16722;10;0;2023-09-28 14:53:51.000;2023-10-02 08:24:17.000;2023-09-29 16:53:00.000
32072;6;0;2024-05-21 13:34:26.000;2024-07-26 14:13:00.000;2024-08-01 14:34:00.000
5895;11;1;2023-05-03 08:01:32.000;2023-06-22 15:49:00.000;2023-11-06 19:19:00.000
19596;11;0;2023-11-21 22:00:50.000;2023-12-07 15:49:19.000;2023-12-07 17:10:00.000
12730;11;0;2023-07-04 16:58:23.000;2023-07-07 15:28:00.000;2023-07-07 19:58:00.000
12867;10;1;2023-07-07 11:23:28.793;2023-07-10 08:28:18.000;2023-07-07 12:23:28.793
6918;11;0;2023-05-15 11:43:34.000;2023-05-15 16:09:00.000;2023-05-19 01:43:00.000
18318;10;1;2023-10-30 13:43:54.000;2023-11-03 08:53:15.000;2023-10-31 14:43:00.000
9263;9;1;2023-06-07 14:31:03.000;2023-06-19 16:32:13.000;2023-06-19 16:31:00.000
6406;10;0;2023-05-04 13:17:00.000;2023-05-08 13:15:00.000;2023-05-04 14:17:00.000
18712;12;0;2023-11-06 15:25:31.000;2023-12-26 11:44:42.000;2023-12-26 17:25:00.000
28106;12;0;2024-03-19 13:48:14.000;2024-06-17 17:48:00.000;2024-06-20 18:48:00.000
22141;6;0;2024-01-08 16:05:18.000;2024-03-22 12:05:50.000;2024-03-01 14:05:00.000
6804;12;0;2023-05-11 15:45:30.000;2023-05-29 14:05:00.000;2023-05-22 17:45:00.000
9677;9;1;2023-06-17 15:11:47.000;2023-06-30 13:22:00.000;2023-06-30 18:11:00.000
16074;12;0;2023-09-14 09:42:24.000;2023-11-17 11:13:27.000;2023-11-17 11:42:00.000
4025;12;1;2023-05-03 08:00:58.000;2023-09-29 16:13:20.000;2023-10-03 18:15:00.000
39147;6;1;2024-08-20 18:35:06.000;2024-08-22 08:58:00.000;2024-09-01 18:35:00.000
22537;6;1;2024-01-12 15:29:40.000;2024-02-10 19:24:00.000;2024-03-01 17:29:00.000
24411;12;1;2024-02-14 16:24:54.000;2024-02-24 08:39:15.000;2024-03-06 17:24:00.000
13952;12;1;2023-07-31 15:35:20.000;2023-11-30 17:28:37.000;2024-01-09 18:35:00.000
39835;6;0;2024-08-29 19:10:09.000;2024-09-17 17:18:00.000;2024-09-10 06:00:00.000
14773;10;1;2023-08-15 14:14:51.000;2023-11-24 09:55:08.000;2023-11-30 15:14:00.000
23121;12;1;2024-01-22 17:18:30.000;2024-02-29 16:01:05.000;2024-03-04 12:00:00.000
16544;11;1;2023-09-25 15:29:54.000;2024-03-05 17:35:29.000;2024-03-12 09:40:00.000
16476;6;1;2023-09-25 08:59:04.000;2023-09-25 19:33:00.000;2023-11-01 10:59:00.000
34162;6;0;2024-06-19 19:01:26.000;2024-06-19 19:08:00.000;2024-07-01 20:01:00.000
15915;11;0;2023-09-11 15:08:33.000;2023-09-21 14:47:04.000;2023-09-20 10:30:00.000
19354;10;0;2023-11-17 16:00:51.000;2023-11-27 14:36:52.000;2023-11-30 09:00:00.000
9599;9;1;2023-06-15 10:18:07.000;2023-07-26 09:46:00.000;2023-07-26 11:18:00.000
23078;9;0;2024-01-22 13:58:18.000;2024-03-18 12:31:54.000;2024-03-20 16:58:00.000
8947;6;1;2023-06-01 11:15:41.000;2023-08-31 11:47:51.000;2023-09-01 12:15:00.000
14726;6;1;2023-08-14 17:24:52.000;2023-08-21 19:22:00.000;2023-10-01 19:24:00.000
25152;12;0;2024-02-23 15:45:19.000;2024-09-10 14:53:00.000;2024-07-22 16:45:00.000
16067;6;1;2023-09-14 09:02:08.000;2023-09-24 14:48:00.000;2023-10-01 11:02:00.000
21824;9;0;2024-01-03 11:10:08.000;2024-01-18 13:38:07.000;2024-01-17 12:10:00.000
9640;11;1;2023-06-15 16:48:13.000;2023-06-16 14:13:00.000;2023-06-21 18:48:00.000
13803;11;1;2023-07-28 10:55:22.000;2023-11-30 13:17:00.000;2023-11-30 10:22:00.000
17327;12;1;2023-10-10 12:23:52.000;2023-10-17 21:51:04.000;2024-01-02 01:23:00.000
16987;12;1;2023-10-03 17:24:14.000;2023-10-17 23:26:19.000;2023-11-20 21:24:00.000
27372;9;0;2024-03-07 15:10:54.000;2024-03-19 10:40:54.000;2024-03-26 16:10:00.000
6290;10;0;2023-05-03 11:02:19.443;2023-05-04 08:37:25.000;2023-05-03 12:02:19.443
14238;12;1;2023-08-04 16:53:08.000;2023-09-24 19:29:28.000;2024-08-12 17:21:00.000
8204;12;1;2023-05-18 17:10:14.000;2023-05-26 16:38:00.000;2023-08-08 20:10:00.000
22525;9;0;2024-01-12 15:01:32.000;2024-02-05 14:42:29.000;2024-01-31 10:00:00.000
22890;12;1;2024-01-18 13:48:46.000;2024-01-23 09:41:00.000;2024-01-24 15:49:00.000
20197;11;0;2023-12-02 20:01:00.000;2023-12-19 10:03:02.000;2023-12-18 10:00:00.000
41606;6;0;2024-09-18 19:35:04.000;2024-09-24 08:44:00.000;2024-09-19 14:35:00.000
22255;6;0;2024-01-09 14:25:06.000;2024-04-30 16:13:37.000;2024-05-01 15:25:00.000
8450;10;1;2023-05-24 10:15:16.000;2023-07-26 08:15:00.000;2023-05-24 11:15:16.773
35464;6;0;2024-07-04 10:13:55.000;2024-08-08 09:26:00.000;2024-08-12 12:10:00.000
13836;6;0;2023-07-28 14:27:44.000;2023-10-03 15:22:00.000;2023-10-01 16:27:00.000
20809;9;0;2023-12-12 18:01:01.000;2024-01-18 16:28:41.000;2024-02-20 09:00:00.000
29232;12;1;2024-04-09 09:56:12.000;2024-04-25 12:03:00.000;2024-04-29 11:56:00.000
22159;10;1;2024-01-08 14:40:13.000;2024-01-10 15:56:00.000;2024-01-26 16:40:00.000
15872;12;1;2023-09-11 09:47:48.000;2024-03-12 08:57:47.000;2024-03-12 12:47:00.000
34732;6;0;2024-06-26 22:35:02.000;2024-09-02 16:29:00.000;2024-09-01 07:00:00.000
19625;12;1;2023-11-22 11:29:10.000;2023-12-02 09:30:04.000;2023-12-08 01:29:00.000
25159;11;0;2024-02-23 16:03:24.000;2024-02-26 11:04:00.000;2024-02-28 17:03:00.000
30139;11;1;2024-04-17 09:21:35.000;2024-04-22 14:15:00.000;2024-04-17 10:21:00.000
17571;10;0;2023-10-16 13:48:52.000;2023-10-19 11:42:29.000;2023-10-17 15:48:00.000
15954;12;1;2023-09-12 09:46:30.000;2024-03-21 22:15:00.000;2024-04-02 12:46:00.000
18237;12;1;2023-10-27 13:30:19.000;2024-02-19 23:26:46.000;2024-03-06 15:30:00.000
32342;11;1;2024-05-24 16:13:19.000;2024-05-27 09:31:00.000;2024-05-28 17:13:00.000
21283;10;0;2023-12-21 09:54:56.000;2023-12-26 15:43:00.000;2023-12-25 10:54:00.000
23021;9;0;2024-01-22 09:04:08.000;2024-02-12 10:48:19.000;2024-02-08 10:04:00.000
13550;6;0;2023-07-24 16:00:55.000;2024-08-21 08:37:00.000;2024-08-01 22:00:00.000
4396;9;0;2023-05-03 08:01:07.000;2024-01-08 17:20:06.000;2024-01-05 17:51:00.000
13970;10;0;2023-07-31 17:03:45.000;2023-08-14 10:31:00.000;2023-08-23 18:03:00.000
17603;6;1;2023-10-16 15:34:23.000;2024-04-19 16:41:59.000;2024-05-01 16:34:00.000
10213;11;0;2023-06-26 09:08:10.000;2024-04-11 14:43:00.000;2024-04-11 12:08:00.000
9534;11;1;2023-06-14 11:53:24.000;2023-08-03 15:47:00.000;2023-08-03 16:45:00.000
13523;10;0;2023-07-24 13:57:42.000;2023-07-31 07:56:00.000;2023-07-29 14:57:00.000
17015;11;1;2023-10-04 13:28:21.000;2024-05-28 10:35:00.000;2024-05-28 11:35:00.000
37745;9;0;2024-08-05 13:12:43.000;2024-09-06 10:30:00.000;2024-09-04 16:12:00.000
28857;6;1;2024-04-03 11:10:20.000;2024-04-19 14:36:13.000;2024-05-01 01:10:00.000
18422;11;0;2023-11-01 15:16:06.000;2023-11-13 16:52:43.000;2023-11-13 16:38:00.000
33279;11;0;2024-06-10 17:38:35.000;2024-06-19 10:16:00.000;2024-06-19 11:15:00.000
9598;10;0;2023-06-15 09:59:56.000;2023-12-14 13:35:38.000;2023-07-10 11:59:00.000
21586;12;0;2023-12-28 13:06:32.000;2024-01-02 14:20:33.000;2024-01-22 16:06:00.000
26085;9;0;2024-03-04 17:39:43.000;2024-05-07 10:05:17.000;2024-05-15 11:33:00.000
24895;12;1;2024-02-20 12:30:08.000;2024-03-22 13:18:58.000;2024-05-06 01:30:00.000
23869;9;1;2024-02-02 16:31:40.000;2024-02-12 10:11:00.000;2024-02-09 17:31:00.000
13099;9;0;2023-07-13 09:05:34.000;2024-03-18 14:54:36.000;2024-01-30 10:05:00.000
23637;12;1;2024-01-30 15:45:29.000;2024-10-14 08:22:00.000;2024-10-22 17:45:00.000
19685;10;0;2023-11-23 10:00:52.000;2023-11-27 14:35:00.000;2023-11-29 11:00:00.000
23363;11;1;2024-01-25 13:46:13.000;2024-01-31 15:32:00.000;2024-02-26 14:46:00.000
45817;6;0;2024-11-01 07:50:08.000;2024-11-04 16:37:00.000;2024-11-05 06:00:00.000
17032;10;0;2023-10-04 15:07:24.000;2023-10-16 10:34:25.000;2023-10-23 16:07:00.000
36173;9;0;2024-07-15 14:50:57.000;2024-08-07 16:45:00.000;2024-07-26 18:50:00.000
15674;10;0;2023-09-04 08:12:53.000;2023-12-04 10:48:20.000;2023-09-19 09:12:00.000
9728;6;0;2023-06-19 16:04:32.000;2023-10-03 14:50:00.000;2023-10-01 17:04:00.000
14527;10;1;2023-08-10 14:46:13.000;2023-08-16 10:47:39.000;2023-08-17 15:46:00.000
20747;11;1;2023-12-12 09:08:01.000;2023-12-21 14:51:04.000;2023-12-22 17:41:00.000
38633;6;0;2024-08-13 20:30:58.000;2024-10-25 14:05:00.000;2024-10-01 23:30:00.000
19426;11;0;2023-11-20 08:59:43.000;2023-12-19 17:16:51.000;2023-12-21 10:59:00.000
31476;12;1;2024-05-15 14:53:14.000;2024-05-23 10:57:00.000;2024-06-17 20:53:00.000
6514;6;0;2023-05-05 15:13:03.000;2023-05-09 11:56:00.000;2023-08-01 17:13:00.000
25028;11;1;2024-02-21 17:18:08.000;2024-02-22 17:22:00.000;2024-02-22 18:18:00.000
8372;12;0;2023-05-23 11:49:02.000;2023-12-29 14:33:34.000;2024-01-10 01:49:00.000
16056;10;0;2023-09-13 16:59:45.000;2023-09-27 14:19:58.000;2023-09-29 17:59:00.000
5023;11;1;2023-05-03 08:01:19.000;2023-09-26 11:35:00.000;2024-03-05 12:27:00.000
12870;12;0;2023-07-07 11:49:52.000;2023-10-09 16:21:00.000;2023-10-09 01:49:00.000
35936;6;1;2024-07-10 15:52:24.000;2024-09-30 18:10:00.000;2024-10-01 18:52:00.000
37157;12;0;2024-07-28 18:55:53.000;2024-09-26 20:28:00.000;2024-12-09 21:55:00.000
32011;6;0;2024-05-20 16:54:47.000;2024-09-29 11:13:00.000;2024-09-27 19:54:00.000
8623;11;0;2023-05-26 11:02:15.000;2023-05-29 17:22:29.000;2023-05-29 12:02:00.000
14667;6;1;2023-08-14 14:03:09.000;2023-09-24 15:03:00.000;2023-10-05 15:03:00.000
29552;11;1;2024-04-11 14:43:34.000;2024-04-16 11:05:00.000;2024-04-16 19:19:00.000
28035;9;1;2024-03-18 15:59:05.000;2024-03-21 10:22:10.000;2024-03-21 17:59:00.000
18144;11;0;2023-10-25 16:58:59.000;2023-11-08 17:08:00.000;2023-11-08 17:58:00.000
9000;11;0;2023-06-01 16:09:32.000;2023-06-07 16:02:57.000;2023-06-07 18:09:00.000
17900;12;0;2023-10-20 15:26:15.000;2023-10-26 09:09:14.000;2023-10-27 17:26:00.000
38992;6;0;2024-08-19 14:35:18.000;2024-09-06 15:14:00.000;2024-09-01 09:35:00.000
10433;10;0;2023-06-27 16:36:18.000;2023-08-01 08:15:33.000;2023-07-31 18:36:00.000
37166;9;0;2024-07-28 21:40:06.000;2024-09-04 09:19:00.000;2024-09-03 07:00:00.000
25039;12;1;2024-02-22 08:23:57.000;2024-04-03 16:20:01.000;2024-04-04 11:54:00.000
34949;9;0;2024-06-29 22:20:08.000;2024-09-11 16:00:00.000;2024-09-10 09:00:00.000
44031;11;0;2024-10-09 09:16:54.000;2024-10-17 14:18:00.000;2024-10-17 09:10:00.000
18304;12;1;2023-10-30 12:06:14.000;2023-11-13 15:17:50.000;2024-01-09 14:06:00.000
30423;11;0;2024-04-19 16:40:07.000;2024-05-07 15:09:00.000;2024-05-06 10:00:00.000
23760;9;1;2024-02-01 11:17:45.000;2024-03-15 14:46:00.000;2024-03-07 01:17:00.000
21356;11;0;2023-12-22 08:39:34.000;2024-01-09 13:27:00.000;2024-01-04 11:27:00.000
25069;12;0;2024-02-22 11:52:18.000;2024-10-15 14:18:00.000;2024-10-15 03:52:00.000
20758;11;1;2023-12-12 11:12:04.000;2023-12-13 17:05:00.000;2023-12-12 12:12:00.000
18957;12;1;2023-11-09 13:12:19.000;2023-12-26 11:22:57.000;2023-12-28 14:12:00.000
4257;6;0;2023-05-03 08:01:04.000;2024-01-04 15:26:14.000;2024-01-01 01:00:00.000
18080;11;0;2023-10-24 16:38:35.000;2023-11-07 14:15:00.000;2023-11-06 10:05:00.000
36940;12;1;2024-07-24 16:21:16.000;2024-07-25 11:48:10.010;2024-08-05 17:21:00.000
42864;9;0;2024-09-27 09:30:09.000;2024-10-02 15:56:00.000;2024-10-03 06:00:00.000
41760;9;0;2024-09-22 21:07:39.000;2024-11-05 17:18:00.000;2024-11-04 23:07:00.000
5708;6;1;2023-05-03 08:01:29.000;2023-06-30 16:20:00.000;2023-11-01 01:00:00.000
